               epoch,      train/box_loss,      train/obj_loss,      train/cls_loss,   metrics/precision,      metrics/recall,     metrics/mAP_0.5,metrics/mAP_0.5:0.95,        val/box_loss,        val/obj_loss,        val/cls_loss,               x/lr0,               x/lr1,               x/lr2
                   0,            0.062807,            0.039127,            0.066156,             0.20131,             0.27341,             0.16064,            0.086494,            0.039774,            0.020775,            0.048952,            0.070049,           0.0033279,           0.0033279
                   1,            0.046409,            0.035186,            0.043261,             0.35753,             0.41039,             0.33709,             0.18568,            0.036786,            0.021016,            0.033363,            0.039917,           0.0065293,           0.0065293
                   2,            0.046173,            0.035667,            0.029332,             0.48718,             0.38807,             0.37727,             0.20334,            0.037022,            0.021853,            0.028105,           0.0096536,           0.0095987,           0.0095987
                   3,            0.043097,            0.036017,            0.024814,             0.42064,             0.52307,             0.46306,             0.27226,            0.034151,            0.021002,            0.022523,            0.009406,            0.009406,            0.009406
                   4,            0.041006,            0.035511,            0.021448,             0.49872,             0.49236,             0.47448,             0.27646,            0.034174,            0.020862,            0.024565,            0.009406,            0.009406,            0.009406
                   5,            0.039342,            0.034958,             0.01842,             0.57794,             0.53078,             0.55173,             0.32318,            0.034429,            0.021391,             0.02072,            0.009208,            0.009208,            0.009208
                   6,            0.037925,            0.034192,            0.016388,              0.5767,             0.59242,             0.60647,             0.36771,            0.031043,            0.020236,            0.018115,             0.00901,             0.00901,             0.00901
                   7,            0.036571,            0.034524,            0.015153,               0.598,             0.58291,             0.60442,             0.37033,            0.031623,             0.02145,            0.018825,            0.008812,            0.008812,            0.008812
                   8,            0.036007,            0.033843,            0.013895,             0.64373,             0.59328,             0.65028,             0.40955,            0.030124,            0.019879,            0.014781,            0.008614,            0.008614,            0.008614
                   9,            0.034868,            0.033789,            0.011982,             0.61415,             0.65077,             0.66376,             0.41715,            0.029145,            0.019783,            0.014048,            0.008416,            0.008416,            0.008416
                  10,            0.034512,            0.033055,            0.011683,             0.61446,             0.64198,             0.65809,             0.42396,            0.028666,            0.019512,            0.013527,            0.008218,            0.008218,            0.008218
                  11,            0.033658,             0.03307,            0.011216,             0.68096,             0.62854,             0.69032,             0.44675,            0.027552,            0.019376,            0.013192,             0.00802,             0.00802,             0.00802
                  12,             0.03337,            0.033029,             0.01066,             0.64529,             0.67502,             0.69807,             0.45166,            0.028717,            0.019565,            0.011936,            0.007822,            0.007822,            0.007822
                  13,            0.032725,            0.031954,            0.009606,             0.67895,             0.65629,              0.7094,             0.46328,              0.0285,             0.01928,            0.010343,            0.007624,            0.007624,            0.007624
                  14,            0.032585,            0.032556,           0.0091147,             0.65865,             0.66598,              0.6944,             0.45228,            0.027599,            0.019954,            0.010813,            0.007426,            0.007426,            0.007426
                  15,             0.03202,            0.032177,           0.0088864,             0.62462,             0.62737,             0.65429,             0.41919,            0.027854,              0.0196,            0.014671,            0.007228,            0.007228,            0.007228
                  16,            0.031282,            0.032068,           0.0082159,             0.69522,             0.64891,             0.70892,             0.47251,            0.026675,            0.018975,            0.011398,             0.00703,             0.00703,             0.00703
                  17,            0.031539,            0.031776,           0.0080025,             0.67705,             0.67637,             0.70827,             0.47091,             0.02685,            0.019099,            0.011853,            0.006832,            0.006832,            0.006832
                  18,            0.031187,            0.031395,           0.0081944,             0.70885,             0.67302,             0.73572,             0.49623,            0.026424,            0.018963,             0.01076,            0.006634,            0.006634,            0.006634
                  19,            0.030667,            0.030803,           0.0072496,             0.69505,             0.70661,             0.73602,             0.49965,            0.026341,            0.019246,            0.010381,            0.006436,            0.006436,            0.006436
                  20,            0.030362,            0.030822,           0.0069165,              0.6756,             0.70782,              0.7326,             0.49608,            0.026489,            0.019072,           0.0099523,            0.006238,            0.006238,            0.006238
                  21,            0.030327,            0.030236,           0.0071075,             0.69831,             0.67382,             0.73122,             0.50032,            0.026229,            0.018964,            0.011461,             0.00604,             0.00604,             0.00604
                  22,            0.029877,            0.030259,           0.0068637,             0.69783,             0.70554,             0.73776,             0.49962,            0.026573,             0.01922,           0.0095092,            0.005842,            0.005842,            0.005842
                  23,            0.029728,            0.030255,           0.0065658,             0.73134,             0.68322,             0.75325,             0.51842,            0.026111,            0.018744,            0.010585,            0.005644,            0.005644,            0.005644
                  24,            0.029425,            0.030095,           0.0066316,             0.69326,             0.68399,             0.73756,             0.50943,            0.026388,            0.018803,            0.011899,            0.005446,            0.005446,            0.005446
                  25,            0.029321,            0.029902,           0.0060135,             0.71065,             0.71245,             0.76035,              0.5267,            0.025965,            0.018698,            0.010545,            0.005248,            0.005248,            0.005248
                  26,            0.028835,            0.029476,           0.0060344,             0.75677,             0.67036,              0.7548,             0.52347,            0.026418,            0.018638,            0.010998,             0.00505,             0.00505,             0.00505
                  27,            0.028482,            0.030211,            0.005263,             0.70116,             0.72268,             0.75079,              0.5187,            0.025828,            0.019007,            0.010825,            0.004852,            0.004852,            0.004852
                  28,            0.028514,            0.029013,           0.0050468,             0.71937,             0.70337,             0.74452,             0.52402,            0.025695,            0.018697,            0.010131,            0.004654,            0.004654,            0.004654
                  29,            0.027793,            0.029158,           0.0049262,             0.73548,             0.71203,             0.76186,             0.53092,            0.025907,            0.018698,            0.010468,            0.004456,            0.004456,            0.004456
                  30,            0.027732,            0.029271,           0.0049993,             0.73113,             0.70768,             0.76158,             0.53424,            0.025419,            0.018587,            0.011446,            0.004258,            0.004258,            0.004258
                  31,            0.027742,            0.029137,           0.0048915,             0.71575,              0.7407,             0.76602,             0.53795,            0.025413,             0.01845,            0.008686,             0.00406,             0.00406,             0.00406
                  32,             0.02725,            0.028837,           0.0049303,              0.7537,             0.73084,             0.78045,             0.54842,            0.025261,            0.018291,           0.0093016,            0.003862,            0.003862,            0.003862
                  33,            0.027071,            0.028501,           0.0044281,             0.73433,             0.71563,              0.7678,             0.54364,             0.02524,            0.018663,           0.0083696,            0.003664,            0.003664,            0.003664
                  34,            0.027121,            0.028433,           0.0043783,             0.72019,             0.72538,              0.7564,             0.53565,            0.025931,            0.018808,            0.010625,            0.003466,            0.003466,            0.003466
                  35,            0.026897,            0.028528,           0.0041228,             0.75851,             0.71396,             0.77158,             0.54828,            0.024768,            0.018446,            0.010099,            0.003268,            0.003268,            0.003268
                  36,            0.026638,            0.028491,           0.0042041,             0.73699,             0.72238,             0.76892,             0.54952,            0.024673,            0.018419,           0.0086039,             0.00307,             0.00307,             0.00307
                  37,            0.026237,            0.028326,           0.0037954,             0.72201,             0.72497,             0.76402,              0.5443,            0.024567,             0.01866,            0.009154,            0.002872,            0.002872,            0.002872
                  38,              0.0259,            0.028103,           0.0035202,             0.72213,             0.72555,             0.76202,             0.55201,            0.024414,            0.018524,           0.0083376,            0.002674,            0.002674,            0.002674
                  39,            0.025937,            0.027775,           0.0035014,             0.72001,             0.73569,             0.77258,              0.5541,            0.024509,            0.018547,           0.0093486,            0.002476,            0.002476,            0.002476
                  40,            0.025606,            0.027055,            0.003312,             0.74704,             0.72445,             0.77681,             0.56048,            0.024457,            0.018334,           0.0085523,            0.002278,            0.002278,            0.002278
                  41,            0.025382,             0.02756,           0.0032851,             0.72332,             0.73889,             0.77459,             0.55725,            0.025126,            0.018372,           0.0082376,             0.00208,             0.00208,             0.00208
                  42,            0.024855,            0.026934,           0.0031751,             0.77297,             0.69877,             0.77488,             0.55768,            0.024904,            0.018509,            0.008162,            0.001882,            0.001882,            0.001882
                  43,            0.024728,            0.026914,           0.0031911,             0.76034,             0.70883,              0.7758,             0.55888,            0.024709,            0.018405,            0.008812,            0.001684,            0.001684,            0.001684
                  44,             0.02485,            0.026881,           0.0031515,             0.75801,             0.72384,             0.77775,             0.56316,            0.024534,            0.018417,            0.008774,            0.001486,            0.001486,            0.001486
                  45,            0.024414,            0.026369,           0.0029165,             0.74117,             0.73642,             0.77436,             0.56353,            0.024423,            0.018556,           0.0089627,            0.001288,            0.001288,            0.001288
                  46,            0.024417,            0.026729,           0.0027815,             0.73308,             0.74788,             0.77539,             0.56353,            0.024512,            0.018454,           0.0087799,             0.00109,             0.00109,             0.00109
                  47,            0.024165,            0.026336,           0.0025812,             0.77652,             0.71562,             0.78166,             0.56449,            0.024483,            0.018491,           0.0084532,            0.000892,            0.000892,            0.000892
                  48,            0.023911,             0.02619,           0.0026632,             0.76638,             0.70841,             0.77605,             0.56428,            0.024563,            0.018712,           0.0084016,            0.000694,            0.000694,            0.000694
                  49,            0.023634,            0.026352,           0.0023867,               0.733,             0.73904,             0.77642,             0.56609,            0.024624,            0.018614,           0.0082989,            0.000496,            0.000496,            0.000496
